Date,YOUR DATA IN THIS COLUMN
January-75,
February-75,
March-75,
April-75,
May-75,
June-75,
July-75,
August-75,
September-75,
October-75,
November-75,
December-75,
January-76,
February-76,
March-76,
April-76,
May-76,
June-76,
July-76,
August-76,
September-76,
October-76,
November-76,
December-76,
January-77,
February-77,
March-77,
April-77,
May-77,
June-77,
July-77,
August-77,
September-77,
October-77,
November-77,
December-77,
January-78,
February-78,
March-78,
April-78,
May-78,
June-78,
July-78,
August-78,
September-78,
October-78,
November-78,
December-78,
January-79,
February-79,
March-79,
April-79,
May-79,
June-79,
July-79,
August-79,
September-79,
October-79,
November-79,
December-79,
January-80,
February-80,
March-80,
April-80,
May-80,
June-80,
July-80,
August-80,
September-80,
October-80,
November-80,
December-80,
January-81,
February-81,
March-81,
April-81,
May-81,
June-81,
July-81,
August-81,
September-81,
October-81,
November-81,
December-81,
January-82,
February-82,
March-82,
April-82,
May-82,
June-82,
July-82,
August-82,
September-82,
October-82,
November-82,
December-82,
January-83,
February-83,
March-83,
April-83,
May-83,
June-83,
July-83,
August-83,
September-83,
October-83,
November-83,
December-83,
January-84,
February-84,
March-84,
April-84,
May-84,
June-84,
July-84,
August-84,
September-84,
October-84,
November-84,
December-84,
January-85,
February-85,
March-85,
April-85,
May-85,
June-85,
July-85,
August-85,
September-85,
October-85,
November-85,
December-85,
January-86,
February-86,
March-86,
April-86,
May-86,
June-86,
July-86,
August-86,
September-86,
October-86,
November-86,
December-86,
January-87,
February-87,
March-87,
April-87,
May-87,
June-87,
July-87,
August-87,
September-87,
October-87,
November-87,
December-87,
January-88,
February-88,
March-88,
April-88,
May-88,
June-88,
July-88,
August-88,
September-88,
October-88,
November-88,
December-88,
January-89,
February-89,
March-89,
April-89,
May-89,
June-89,
July-89,
August-89,
September-89,
October-89,
November-89,
December-89,
January-90,
February-90,
March-90,
April-90,
May-90,
June-90,
July-90,
August-90,
September-90,
October-90,
November-90,
December-90,
January-91,
February-91,
March-91,
April-91,
May-91,
June-91,
July-91,
August-91,
September-91,
October-91,
November-91,
December-91,
January-92,
February-92,
March-92,
April-92,
May-92,
June-92,
July-92,
August-92,
September-92,
October-92,
November-92,
December-92,
January-93,
February-93,
March-93,
April-93,
May-93,
June-93,
July-93,
August-93,
September-93,
October-93,
November-93,
December-93,
January-94,
February-94,
March-94,
April-94,
May-94,
June-94,
July-94,
August-94,
September-94,
October-94,
November-94,
December-94,
January-95,
February-95,
March-95,
April-95,
May-95,
June-95,
July-95,
August-95,
September-95,
October-95,
November-95,
December-95,
January-96,
February-96,
March-96,
April-96,
May-96,
June-96,
July-96,
August-96,
September-96,
October-96,
November-96,
December-96,
January-97,
February-97,
March-97,
April-97,
May-97,
June-97,
July-97,
August-97,
September-97,
October-97,
November-97,
December-97,
January-98,
February-98,
March-98,
April-98,
May-98,
June-98,
July-98,
August-98,
September-98,
October-98,
November-98,
December-98,
January-99,
February-99,
March-99,
April-99,
May-99,
June-99,
July-99,
August-99,
September-99,
October-99,
November-99,
December-99,
January-00,
February-00,
March-00,
April-00,
May-00,
June-00,
July-00,
August-00,
September-00,
October-00,
November-00,
December-00,
January-01,
February-01,
March-01,
April-01,
May-01,
June-01,
July-01,
August-01,
September-01,
October-01,
November-01,
December-01,
January-02,
February-02,
March-02,
April-02,
May-02,
June-02,
July-02,
August-02,
September-02,
October-02,
November-02,
December-02,
January-03,
February-03,
March-03,
April-03,
May-03,
June-03,
July-03,
August-03,
September-03,
October-03,
November-03,
December-03,
January-04,
February-04,
March-04,
April-04,
May-04,
June-04,
July-04,
August-04,
September-04,
October-04,
November-04,
December-04,
January-05,
February-05,
March-05,
April-05,
May-05,
June-05,
July-05,
August-05,
September-05,
October-05,
November-05,
December-05,
January-06,
February-06,
March-06,
April-06,
May-06,
June-06,
July-06,
August-06,
September-06,
October-06,
November-06,
December-06,
January-07,
February-07,
March-07,
April-07,
May-07,
June-07,
July-07,
August-07,
September-07,
October-07,
November-07,
December-07,
January-08,
February-08,
March-08,
April-08,
May-08,
June-08,
July-08,
August-08,
September-08,
October-08,
November-08,
December-08,
January-09,
February-09,
March-09,
April-09,
May-09,
June-09,
July-09,
August-09,
September-09,
October-09,
November-09,
December-09,
January-10,
February-10,
March-10,
April-10,
May-10,
June-10,
July-10,
August-10,
September-10,
October-10,
November-10,
December-10,
January-11,
February-11,
March-11,
April-11,
May-11,
June-11,
July-11,
August-11,
September-11,
October-11,
November-11,
December-11,
January-12,
February-12,
March-12,
April-12,
May-12,
June-12,
July-12,
August-12,
September-12,
October-12,
November-12,
December-12,
January-13,
February-13,
March-13,
April-13,
May-13,
June-13,
July-13,
August-13,
September-13,
October-13,
November-13,
December-13,
January-14,
February-14,
March-14,
April-14,
May-14,
June-14,
July-14,
August-14,
September-14,
October-14,
November-14,
December-14,
January-15,
February-15,
March-15,
April-15,
May-15,
June-15,
July-15,
August-15,
September-15,
October-15,
November-15,
December-15,
January-16,
February-16,
March-16,
April-16,
May-16,
June-16,
July-16,
August-16,
September-16,
October-16,
November-16,
December-16,
January-17,
February-17,
March-17,
April-17,
May-17,
June-17,
July-17,
August-17,
September-17,
October-17,
November-17,
December-17,
January-18,
February-18,
March-18,
April-18,
May-18,
June-18,
July-18,
August-18,
September-18,
October-18,
November-18,
December-18,
January-19,
February-19,
March-19,
April-19,
May-19,
June-19,
July-19,
August-19,
September-19,
October-19,
November-19,
